ZST1070000001,182
ZST2570000001,137
ZST4070000001,182
ZST1010000002,950
6915368006998,10
6915368008022,339
6956768000018,146
6956768000056,74
6943116400248,288
6947605658011,165
6931691600092,80
6921514570084,181
6922173703578,25
6938711900606,200
6925437800129,234
6921186678224,2059
6937388350059,75
6921400003627,21
6932067401312,56
6937667109187,73
ZSTKFY3010001,19
6922154600230,18
6958703500072,32
6921361209052,5
6926756410365,5
6930829910652,26
9787561433485,7
9787561432792,7
9787210071952,9
9787121186547,10
9787510135217,10
9787543698260,4
6946044309492,5
4718000680233,23
7072270020302,23
ZSTWJ00000001,20
6947911216035,19
ZSTSHC0000001,8
6915798000900,67
6951283550376,17
6937528410100,36
6927632201503,61
6905395002308,67
6914405123094,47
6953040700024,37
6920723400014,74
6950077609115,9
6941764301009,27
6936517200128,36
6922436100281,92
ZST2502500001,4
ZSTSM33000001,19
6911322033994,68
6944157950013,45
6926414002314,73
6970899010036,12
ZST0251000001,8
6927301600033,21
ZST2042000001,4
6906952010576,20
6933515400406,73
6931121445118,43
6920917769286,17
6931790100080,10
6923560010866,10
6923163700911,20
6970856529991,10
6936838940291,64
6914483211850,5
6928098400585,39
ZST1030000001,5
ZST1010000001,3
6924647722290,5
6937951420073,13
ZST1200000001,10
6942656500029,32
6938817514769,25
6901804060877,37
6916783880002,296
6900233883859,9
6922799406143,32
ZSTNSP1000001,13
ZST2550000001,3
ZST4300000001,18
6900233882111,9
6925406100014,37
6931447600154,100
6923878310504,4
6916119040353,17
7070866022389,21
726000104127,22
016055456761,11
6937562106182,392
6937562100302,160
ZPKEY10240001,131
ZPKEY10100001,31
