ZST2570000001,2019-12,137
ZST4070000001,2019-12,182
ZST1010000001,2019-10,950
6937562106182,2019-10,523
6937562100302,2019-8,191
6915368006998,2019-10,10
6915368008022,2019-11,339
6956768000018,2018-11,146
6956768000056,2019-10,74
6943116400248,2019-11,289
6947605658011,2020-12,165
6931691600092,2020-8,80
6922173703578,2019-12,25
6938711900606,2020-9,200
6925437800129,2019-11,238
6916119040674,2020-10,17
6921186678224,2019-1,2067
6937388350059,2019-10,75
6921400003627,2019-8,21
6932067401312,2019-8,56
6937667109187,2019-7,72
ZSTKFY3010001,2019-9,19
6922154600230,2020-11,18
6958703500072,2022-10,32
6921361209052,2019-10,5
6926756410365,2018-12,5
6941155710724,2019-11,128
6930829910652,2020-8,26
6946044309492,2019-7,5
ZSTNSYY000001,2020-9,21
4718000680233,2020-4,23
ZSTYYP0000001,2018-9,22
ZSTWSY0000001,2020-2,11
9314807022525,2020-7,16
7072270020302,2019-12,23
6915798000900,2020-7,57
6951283550376,2020-6,11
6937528410100,2020-4,36
6927632201503,2019-11,62
6905395002308,2019-9,68
6953040700024,2019-11,37
6920723400014,2020-3,73
6950077609115,2019-11,9
6941764301009,2019-10,26
6936517200128,2020-2,37
6955206300024,2019-3,1
6922436100281,2018-12,92
ZST2502500001,2022-4,4
ZSTSM33000001,2019-7,19
6911322033994,2019-8,69
6944157950013,2019-4,45
6926414002314,2020-9,63
6970899010036,2019-7,12
ZST0251000001,2019-12-27,8
6927301600033,2020-1,9
ZST2042000001,2018-12,4
6906952010576,2020-2,20
6933515400406,2019-5,63
6931121445118,2019-7,43
6920917769286,2018-11,17
6931790100080,2019-4,10
6923560010866,2019-8,9
6923163700911,2020-9,18
6970856529991,2019-6,10
6936838940291,2021-4,64
6914483211850,2020-7,4
6928098400585,2019-5,37
ZST1030000001,2021-8,5
ZST1010000001,2021-12,3
6924647722290,2020-9,5
6937951420073,2019-7,13
6937951420219,2016-9,1
6942656500029,2019-5,32
6938817514769,2019-11,25
6901804060877,2020-9,37
6916783880002,2019-10,296
6900233883859,2019-4,9
6922799406143,2020-7,32
6934938300021,2020-6,166
ZST2550000001,2019-4,3
ZST4300000001,2021-10,2
6900233882111,2020-8,9
ZSTPLP5000001,2021-9,3
6925406100014,2020-3,37
